{"clade": "C2;C2.1", "variants": [{"pos": 241, "alts": "T", "alt_af": 1.0, "types": "intergenic", "changes": "NA", "gene": "NA", "gene_function": "NA", "gene_reference": "NA"}, {"pos": 3037, "alts": "T", "alt_af": 1.0, "types": "synonymous", "changes": "106F", "gene": "orf1ab:nsp3", "gene_function": "putative PL-pro domain", "gene_reference": "10.1080/22221751.2020.1719902"}, {"pos": 13694, "alts": "T", "alt_af": 0.5, "types": "missense", "changes": "85T>85I", "gene": "orf1ab:nsp12", "gene_function": "RNA-dependent RNA polymerase", "gene_reference": "10.1080/22221751.2020.1719902"}, {"pos": 14408, "alts": "T", "alt_af": 1.0, "types": "missense", "changes": "323P>323L", "gene": "orf1ab:nsp12", "gene_function": "RNA-dependent RNA polymerase", "gene_reference": "10.1080/22221751.2020.1719902"}, {"pos": 16887, "alts": "T", "alt_af": 0.5, "types": "synonymous", "changes": "217Y", "gene": "orf1ab:nsp13", "gene_function": "helicase", "gene_reference": "10.1080/22221751.2020.1719902"}, {"pos": 18859, "alts": "T", "alt_af": 0.5, "types": "missense", "changes": "274A>274S", "gene": "orf1ab:nsp14", "gene_function": "ExoN: 3_5_ exonuclease", "gene_reference": "10.1080/22221751.2020.1719902"}, {"pos": 23403, "alts": "G", "alt_af": 1.0, "types": "missense", "changes": "614D>614G", "gene": "S", "gene_function": "Spike protein (plays a key role in binding to cell receptors (ACE2) and is a target of the human immune system)", "gene_reference": "10.1186/s40779-020-00240-0"}, {"pos": 24910, "alts": "C", "alt_af": 1.0, "types": "synonymous", "changes": "1116T", "gene": "S", "gene_function": "Spike protein (plays a key role in binding to cell receptors (ACE2) and is a target of the human immune system)", "gene_reference": "10.1186/s40779-020-00240-0"}, {"pos": 25429, "alts": "T", "alt_af": 1.0, "types": "missense", "changes": "13V>13L", "gene": "ORF3a", "gene_function": "In *SARS-Cov*,  potentially linked to triggering or serving as decoy to humoral immune response; and potentially linked to activation of the NLRP3 inflammasome", "gene_reference": "10.1016/j.virusres.2007.10.009;10.1096/fj.201802418R"}, {"pos": 28643, "alts": "A", "alt_af": 0.5, "types": "missense", "changes": "124G>124S", "gene": "N", "gene_function": "Nucleocapsid protein", "gene_reference": "10.1186/s40779-020-00240-0"}]}